train_id,station_id,arr_time,dep_time,block_seq
107,SWV,00:00:00,10:25:00,B1
107,THVM,11:06:00,11:08:00,B1
107,KRMI,11:28:00,11:30:00,B1
107,MAO,12:10:00,00:00:00,B1
108,MAO,00:00:00,20:30:00,B1
108,KRMI,21:04:00,21:06:00,B1
108,THVM,21:26:00,21:28:00,B1
108,SWV,22:25:00,00:00:00,B1
128,MAO,19:40:00,19:40:00,B1
128,KRMI,20:18:00,20:20:00,B1
128,THVM,20:40:00,20:42:00,B1
128,SWV,21:16:00,21:18:00,B1
128,KUDL,21:38:00,21:40:00,B1
128,SNDD,21:54:00,21:56:00,B1
128,KKW,22:18:00,22:20:00,B1
128,VBW,22:40:00,22:42:00,B1
128,RAJP,22:56:00,22:58:00,B1
128,RN,23:52:00,23:57:00,B1
128,SGR,00:34:00,00:36:00,B1
128,CHI,01:10:00,01:12:00,B1
128,KHED,01:52:00,01:54:00,B1
128,MNI,04:00:00,04:02:00,B1
128,ROHA,04:55:00,05:00:00,B1
128,PNVL,06:20:00,06:25:00,B1
128,KJT,07:40:00,07:45:00,B1
128,LNL,08:30:00,08:33:00,B1
128,PUNE,10:30:00,10:45:00,B1
128,STR,13:42:00,13:45:00,B1
128,MRJ,16:25:00,16:35:00,B1
128,KOP,17:45:00,17:45:00,B1
290,DSJ,18:30:00,18:30:00,B1
290,GADJ,03:45:00,07:45:00,B1
290,JP,08:00:00,11:55:00,B1
290,DPA,18:00:00,20:00:00,B1
290,SWM,04:45:00,08:40:00,B1
290,COR,00:05:00,02:00:00,B1
290,UDZ,08:00:00,11:00:00,B1
290,JSM,09:15:00,13:00:00,B1
290,MDB,07:00:00,10:50:00,B1
290,FL,22:00:00,22:55:00,B1
290,BTE,05:00:00,08:45:00,B1
290,IDH,11:00:00,11:30:00,B1
290,AGC,19:00:00,19:30:00,B1
290,DSJ,02:30:00,02:30:00,B1
401,AWB,21:30:00,21:30:00,B1
401,MMR,01:20:00,01:30:00,B1
401,BSL,05:20:00,05:30:00,B1
401,KNW,07:30:00,07:35:00,B1
401,JHS,14:55:00,15:05:00,B1
401,CNB,19:10:00,19:15:00,B1
401,LKO,23:50:00,23:55:00,B1
401,BBK,01:15:00,01:20:00,B1
401,AY,04:45:00,04:50:00,B1
401,SHG,07:10:00,07:15:00,B1
401,JNU,08:00:00,08:05:00,B1
401,BSB,10:00:00,10:00:00,B1
421,LKO,23:00:00,23:00:00,B1
421,FGR,03:03:00,03:30:00,B1
421,KSJ,06:00:00,06:30:00,B1
421,BE,09:42:00,09:47:00,B1
421,SVDK,08:00:00,08:00:00,B1
422,SVDK,11:45:00,11:45:00,B1
422,BE,03:25:00,03:30:00,B1
422,KSJ,06:35:00,07:05:00,B1
422,FGR,09:30:00,09:35:00,B1
422,LKO,14:30:00,14:30:00,B1
477,SSA,12:10:00,12:10:00,B1
477,HSR,13:55:00,14:25:00,B1
477,BNW,15:55:00,16:20:00,B1
477,ROK,17:38:00,17:40:00,B1
477,DSJ,20:13:00,20:15:00,B1
477,CNB,05:30:00,05:35:00,B1
477,MGS,12:40:00,12:50:00,B1
477,MGS,16:10:00,16:20:00,B1
477,CNB,21:00:00,21:05:00,B1
477,DSJ,07:13:00,07:15:00,B1
477,ROK,09:43:00,09:45:00,B1
477,BNW,11:05:00,11:35:00,B1
477,HSR,13:10:00,13:40:00,B1
477,SSA,15:20:00,15:20:00,B1
502,RJPB,10:30:00,10:30:00,B1
502,MGS,14:00:00,14:10:00,B1
502,CNB,20:30:00,20:35:00,B1
502,DSJ,04:20:00,04:45:00,B1
502,SNP,05:50:00,05:55:00,B1
502,PNP,06:35:00,06:40:00,B1
502,KUN,07:25:00,07:30:00,B1
502,KKDE,08:05:00,08:10:00,B1
502,UMB,09:30:00,09:30:00,B1
504,PNBE,09:00:00,09:00:00,B1
504,MGS,12:30:00,12:40:00,B1
504,BTI,10:00:00,10:00:00,B1
506,PNBE,14:15:00,14:15:00,B1
506,MGS,18:10:00,18:15:00,B1
506,PTA,15:45:00,15:45:00,B1
557,URK,23:30:00,23:30:00,B1
557,PJP,11:00:00,11:00:00,B1
604,PNBE,12:30:00,12:30:00,B1
604,MGS,16:20:00,16:30:00,B1
604,ASR,16:00:00,16:00:00,B1
1011,CSMT,00:20:00,00:20:00,B1
1011,DR,00:37:00,00:40:00,B1
1011,TNA,01:07:00,01:10:00,B1
1011,KYN,01:32:00,01:35:00,B1
1011,IGP,03:40:00,03:45:00,B1
1011,NK,04:27:00,04:30:00,B1
1011,MMR,05:27:00,05:30:00,B1
1011,JL,07:08:00,07:10:00,B1
1011,BSL,07:35:00,07:45:00,B1
1011,MKU,08:18:00,08:20:00,B1
1011,SEG,08:58:00,09:00:00,B1
1011,AK,09:25:00,09:28:00,B1
1011,MZR,10:02:00,10:05:00,B1
1011,BD,11:02:00,11:05:00,B1
1011,DMN,11:41:00,11:42:00,B1
1011,PLO,11:58:00,11:59:00,B1
1011,WR,12:32:00,12:35:00,B1
1011,NGP,14:20:00,14:20:00,B1
1037,LTT,01:10:00,01:10:00,B1
1037,TNA,01:33:00,01:35:00,B1
1037,PNVL,02:10:00,02:13:00,B1
1037,ROHA,03:53:00,04:00:00,B1
1037,KHED,05:06:00,05:08:00,B1
1037,CHI,05:30:00,05:40:00,B1
1037,RN,06:55:00,07:00:00,B1
1037,KKW,09:05:00,09:07:00,B1
1037,KUDL,09:32:00,09:34:00,B1
1037,SWV,10:30:00,10:30:00,B1
1038,SWV,14:05:00,14:05:00,B1
1038,KUDL,14:57:00,14:59:00,B1
1038,KKW,15:28:00,15:30:00,B1
1038,RN,17:17:00,17:22:00,B1
1038,CHI,18:20:00,18:30:00,B1
1038,KHED,18:52:00,18:54:00,B1
1038,ROHA,21:30:00,21:35:00,B1
1038,PNVL,22:40:00,22:43:00,B1
1038,TNA,23:20:00,23:25:00,B1
1038,LTT,00:20:00,00:20:00,B1
1045,LTT,01:10:00,01:10:00,B1
1045,TNA,01:33:00,01:35:00,B1
1045,PNVL,02:10:00,02:13:00,B1
1045,ROHA,03:53:00,04:00:00,B1
1045,KHED,05:06:00,05:08:00,B1
1045,CHI,05:30:00,05:40:00,B1
1045,RN,06:55:00,07:00:00,B1
1045,KKW,09:05:00,09:07:00,B1
1045,KUDL,09:32:00,09:34:00,B1
1045,THVM,10:34:00,10:36:00,B1
1045,KRMI,11:00:00,11:00:00,B1
1119,AJNI,19:50:00,19:50:00,B1
1119,WR,20:50:00,20:53:00,B1
1119,PLO,21:15:00,21:18:00,B1
1119,DMN,21:34:00,21:35:00,B1
1119,BD,22:37:00,22:40:00,B1
1119,AK,23:42:00,23:45:00,B1
1119,SEG,00:13:00,00:15:00,B1
1119,MKU,00:53:00,00:55:00,B1
1119,BSL,01:50:00,02:00:00,B1
1119,JL,02:28:00,02:30:00,B1
1119,CSN,03:28:00,03:30:00,B1
1119,MMR,04:28:00,04:30:00,B1
1119,NK,05:28:00,05:30:00,B1
1119,IGP,06:50:00,07:05:00,B1
1119,KYN,09:11:00,09:13:00,B1
1119,PNVL,10:10:00,10:15:00,B1
1119,ROHA,12:55:00,13:00:00,B1
1119,KHED,14:10:00,14:12:00,B1
1119,CHI,14:42:00,14:44:00,B1
1119,RN,16:10:00,16:15:00,B1
1119,KKW,17:54:00,17:56:00,B1
1119,KUDL,18:20:00,18:22:00,B1
1119,THVM,19:34:00,19:36:00,B1
1119,KRMI,20:30:00,20:30:00,B1
1120,KRMI,21:30:00,21:30:00,B1
1120,THVM,21:46:00,21:48:00,B1
1120,KUDL,22:40:00,22:42:00,B1
1120,KKW,23:08:00,23:10:00,B1
1120,RN,01:05:00,01:10:00,B1
1120,CHI,02:30:00,02:32:00,B1
1120,KHED,03:08:00,03:10:00,B1
1120,ROHA,05:00:00,05:05:00,B1
1120,PNVL,06:20:00,06:25:00,B1
1120,KYN,07:33:00,07:35:00,B1
1120,IGP,09:25:00,09:40:00,B1
1120,NK,10:20:00,10:22:00,B1
1120,MMR,11:15:00,11:17:00,B1
1120,CSN,12:18:00,12:20:00,B1
1120,JL,13:18:00,13:20:00,B1
1120,BSL,13:45:00,13:55:00,B1
1120,MKU,14:33:00,14:35:00,B1
1120,SEG,15:08:00,15:10:00,B1
1120,AK,15:40:00,15:43:00,B1
1120,BD,17:32:00,17:35:00,B1
1120,DMN,18:09:00,18:10:00,B1
1120,PLO,18:24:00,18:27:00,B1
1120,WR,19:00:00,19:03:00,B1
1120,AJNI,22:00:00,22:00:00,B1
1122,KRMI,22:30:00,22:30:00,B1
1122,THVM,22:44:00,22:46:00,B1
1122,SWV,23:18:00,23:20:00,B1
1122,KUDL,23:38:00,23:40:00,B1
1122,KKW,00:10:00,00:12:00,B1
1122,RN,01:55:00,02:00:00,B1
1122,SGR,02:32:00,02:34:00,B1
1122,CHI,03:14:00,03:16:00,B1
1122,KHED,03:38:00,03:40:00,B1
1122,ROHA,06:40:00,06:45:00,B1
1122,PNVL,07:55:00,08:00:00,B1
1122,TNA,09:28:00,09:30:00,B1
1122,DR,10:10:00,10:13:00,B1
1122,CSMT,10:30:00,10:30:00,B1
1196,NGP,19:50:00,19:50:00,B1
1196,WR,20:50:00,20:53:00,B1
1196,PLO,21:15:00,21:18:00,B1
1196,DMN,21:35:00,21:36:00,B1
1196,BD,22:37:00,22:40:00,B1
1196,AK,23:42:00,23:45:00,B1
1196,SEG,00:13:00,00:15:00,B1
1196,MKU,00:53:00,00:55:00,B1
1196,BSL,01:50:00,02:00:00,B1
1196,JL,02:28:00,02:30:00,B1
1196,CSN,03:28:00,03:30:00,B1
1196,MMR,04:28:00,04:30:00,B1
1196,NK,05:28:00,05:30:00,B1
1196,IGP,06:50:00,07:05:00,B1
1196,KYN,09:11:00,09:13:00,B1
1196,PNVL,10:10:00,10:15:00,B1
1196,ROHA,12:55:00,13:00:00,B1
1196,KHED,14:30:00,14:32:00,B1
1196,CHI,14:44:00,14:46:00,B1
1196,SGR,15:26:00,15:28:00,B1
1196,RN,16:10:00,16:15:00,B1
1196,KKW,18:10:00,18:12:00,B1
1196,KUDL,18:34:00,18:36:00,B1
1196,SWV,19:14:00,19:16:00,B1
1196,THVM,19:48:00,19:50:00,B1
1196,KRMI,21:30:00,21:30:00,B1
1301,PUNE,18:50:00,18:50:00,B1
1301,LNL,19:55:00,19:57:00,B1
1301,PNVL,21:20:00,21:50:00,B1
1301,ROHA,23:30:00,23:35:00,B1
1301,KHED,00:48:00,00:50:00,B1
1301,CHI,01:10:00,01:12:00,B1
1301,RN,02:25:00,02:30:00,B1
1301,KKW,03:44:00,03:46:00,B1
1301,KUDL,04:08:00,04:10:00,B1
1301,THVM,05:04:00,05:06:00,B1
1301,MAO,06:20:00,06:30:00,B1
1301,KAWR,07:22:00,07:24:00,B1
1301,KT,08:08:00,08:10:00,B1
1301,KUDA,10:00:00,10:02:00,B1
1301,UD,10:36:00,10:38:00,B1
1301,MULK,11:10:00,11:12:00,B1
1301,MAJN,12:30:00,12:30:00,B1
1302,MAJN,15:45:00,15:45:00,B1
1302,MULK,16:26:00,16:28:00,B1
1302,UD,17:08:00,17:10:00,B1
1302,KUDA,17:40:00,17:42:00,B1
1302,KT,19:56:00,19:58:00,B1
1302,KAWR,20:50:00,20:52:00,B1
1302,MAO,22:10:00,22:20:00,B1
1302,THVM,23:18:00,23:20:00,B1
1302,KUDL,00:18:00,00:20:00,B1
1302,KKW,00:50:00,00:52:00,B1
1302,RN,02:55:00,03:00:00,B1
1302,CHI,04:20:00,04:22:00,B1
1302,KHED,04:54:00,04:56:00,B1
1302,ROHA,07:10:00,07:15:00,B1
1302,PNVL,09:30:00,10:00:00,B1
1302,LNL,11:32:00,11:35:00,B1
1302,PUNE,13:10:00,13:10:00,B1
1442,DSJ,11:15:00,11:15:00,B1
1442,MTJ,13:50:00,13:55:00,B1
1442,AGC,14:50:00,14:55:00,B1
1442,GWL,18:30:00,18:35:00,B1
1442,JHS,22:10:00,22:15:00,B1
1442,BPL,04:05:00,04:10:00,B1
1442,ET,06:55:00,07:00:00,B1
1442,KNW,10:10:00,10:15:00,B1
1442,BSL,12:30:00,12:35:00,B1
1442,MMR,16:00:00,16:05:00,B1
1442,DD,23:50:00,23:55:00,B1
1442,PUNE,01:45:00,01:50:00,B1
1442,KK,02:15:00,02:15:00,B1
1655,PUNE,10:45:00,10:45:00,B1
1655,DD,12:05:00,12:20:00,B1
1655,ANG,13:57:00,14:00:00,B1
1655,KPG,15:58:00,16:00:00,B1
1655,MMR,17:20:00,17:25:00,B1
1655,BSL,20:10:00,20:20:00,B1
1655,KNW,23:40:00,23:45:00,B1
1655,HD,00:55:00,00:57:00,B1
1655,ET,02:15:00,02:30:00,B1
1655,PPI,03:18:00,03:20:00,B1
1655,NU,04:38:00,04:40:00,B1
1655,MML,06:07:00,06:09:00,B1
1655,JBP,06:15:00,06:15:00,B1
1656,JBP,19:30:00,19:30:00,B1
1656,MML,19:36:00,19:38:00,B1
1656,NU,20:33:00,20:35:00,B1
1656,PPI,21:53:00,21:55:00,B1
1656,ET,23:35:00,23:45:00,B1
1656,HD,00:36:00,00:38:00,B1
1656,KNW,02:15:00,02:20:00,B1
1656,BSL,04:00:00,04:10:00,B1
1656,MMR,06:45:00,06:50:00,B1
1656,KPG,07:53:00,07:55:00,B1
1656,ANG,09:57:00,10:00:00,B1
1656,DD,12:10:00,12:25:00,B1
1656,PUNE,14:05:00,14:05:00,B1
1705,BDTS,00:15:00,00:15:00,B1
1705,BVI,00:45:00,00:48:00,B1
1705,VAPI,02:40:00,02:42:00,B1
1705,ST,04:25:00,04:28:00,B1
1705,BRC,06:10:00,06:20:00,B1
1705,RTM,10:00:00,10:10:00,B1
1705,UJN,11:50:00,12:00:00,B1
1705,BIH,14:50:00,14:52:00,B1
1705,BPL,15:15:00,15:20:00,B1
1705,HBD,16:30:00,16:32:00,B1
1705,ET,16:50:00,17:05:00,B1
1705,PPI,17:48:00,17:50:00,B1
1705,NU,19:28:00,19:30:00,B1
1705,JBP,21:40:00,21:40:00,B1
1706,JBP,14:20:00,14:20:00,B1
1706,NU,15:38:00,15:40:00,B1
1706,PPI,16:38:00,16:40:00,B1
1706,ET,18:10:00,18:25:00,B1
1706,HBD,18:50:00,18:52:00,B1
1706,BPL,20:25:00,20:35:00,B1
1706,BIH,20:50:00,20:52:00,B1
1706,UJN,23:25:00,23:35:00,B1
1706,RTM,01:15:00,01:25:00,B1
1706,BRC,04:45:00,04:55:00,B1
1706,ST,06:40:00,06:45:00,B1
1706,VAPI,08:02:00,08:04:00,B1
1706,BVI,10:25:00,10:27:00,B1
1706,BDTS,11:15:00,11:15:00,B1
1707,JBP,09:15:00,09:15:00,B1
1707,KMZ,10:28:00,10:30:00,B1
1707,DMO,11:58:00,12:00:00,B1
1707,SGO,13:00:00,13:05:00,B1
1707,MAKR,14:10:00,14:12:00,B1
1707,LAR,15:15:00,15:17:00,B1
1707,JHS,16:35:00,16:45:00,B1
1707,GWL,18:00:00,18:02:00,B1
1707,AGC,19:45:00,19:50:00,B1
1707,MTJ,20:48:00,20:50:00,B1
1707,NDLS,00:20:00,00:50:00,B1
1707,UMB,04:00:00,04:05:00,B1
1707,LDH,07:45:00,07:55:00,B1
1707,JUC,08:57:00,09:02:00,B1
1707,BEAS,09:40:00,09:42:00,B1
1707,ASR,10:45:00,10:55:00,B1
1707,ATT,11:45:00,11:45:00,B1
1708,ATT,14:45:00,14:45:00,B1
1708,ASR,15:40:00,15:50:00,B1
1708,BEAS,16:20:00,16:22:00,B1
1708,JUC,16:55:00,17:00:00,B1
1708,LDH,18:00:00,18:10:00,B1
1708,UMB,21:10:00,21:15:00,B1
1708,NDLS,01:30:00,02:00:00,B1
1708,MTJ,04:33:00,04:35:00,B1
1708,AGC,05:30:00,05:35:00,B1
1708,GWL,07:28:00,07:30:00,B1
1708,JHS,09:05:00,09:15:00,B1
1708,LAR,10:20:00,10:22:00,B1
1708,MAKR,11:50:00,11:52:00,B1
1708,SGO,13:00:00,13:05:00,B1
1708,DMO,14:10:00,14:15:00,B1
1708,KMZ,16:05:00,16:10:00,B1
1708,JBP,17:20:00,17:20:00,B1
2025,CSMT,05:00:00,05:00:00,B1
2025,DR,05:08:00,05:10:00,B1
2025,TNA,05:33:00,05:35:00,B1
2025,PNVL,06:13:00,06:15:00,B1
2025,RN,10:15:00,10:20:00,B1
2025,KUDL,12:04:00,12:06:00,B1
2025,KRMI,13:20:00,13:20:00,B1
2026,KRMI,14:30:00,14:30:00,B1
2026,KUDL,15:26:00,15:28:00,B1
2026,RN,17:15:00,17:20:00,B1
2026,PNVL,21:33:00,21:35:00,B1
2026,TNA,22:17:00,22:19:00,B1
2026,DR,22:38:00,22:40:00,B1
2026,CSMT,23:00:00,23:00:00,B1
2191,JBP,20:10:00,20:10:00,B1
2191,SHR,20:40:00,20:42:00,B1
2191,KTE,21:20:00,21:40:00,B1
2191,UMR,23:14:00,23:16:00,B1
2191,SDL,00:23:00,00:28:00,B1
2191,APR,01:05:00,01:10:00,B1
2191,PND,01:50:00,01:52:00,B1
2191,BSP,04:30:00,04:45:00,B1
2191,CPH,05:31:00,05:33:00,B1
2191,RIG,06:32:00,06:37:00,B1
2191,JSG,08:10:00,08:15:00,B1
2191,ROU,09:52:00,09:57:00,B1
2191,CKP,11:22:00,11:24:00,B1
2191,TATA,12:35:00,12:45:00,B1
2191,KGP,14:40:00,14:45:00,B1
2191,SRC,16:00:00,16:00:00,B1
2192,SRC,20:40:00,20:40:00,B1
2192,KGP,22:15:00,22:20:00,B1
2192,TATA,00:05:00,00:15:00,B1
2192,CKP,01:03:00,01:10:00,B1
2192,ROU,02:30:00,02:40:00,B1
2192,JSG,04:20:00,04:25:00,B1
2192,RIG,05:16:00,05:21:00,B1
2192,CPH,06:19:00,06:24:00,B1
2192,BSP,07:40:00,07:55:00,B1
2192,PND,09:30:00,09:35:00,B1
2192,APR,10:25:00,10:30:00,B1
2192,SDL,11:25:00,11:30:00,B1
2192,UMR,12:43:00,12:45:00,B1
2192,KTE,14:00:00,14:20:00,B1
2192,SHR,15:08:00,15:10:00,B1
2192,JBP,15:50:00,15:50:00,B1
2195,REWA,13:20:00,13:20:00,B1
2195,STA,14:20:00,14:30:00,B1
2195,MYR,14:50:00,14:52:00,B1
2195,JKE,15:38:00,15:40:00,B1
2195,KTE,16:05:00,16:10:00,B1
2195,DMO,17:35:00,17:37:00,B1
2195,SGO,18:40:00,18:45:00,B1
2195,BINA,20:30:00,20:35:00,B1
2195,BHS,21:50:00,21:52:00,B1
2195,BPL,23:00:00,23:00:00,B1
2196,BPL,23:45:00,23:45:00,B1
2196,BHS,00:30:00,00:32:00,B1
2196,BINA,01:50:00,01:55:00,B1
2196,SGO,03:10:00,03:15:00,B1
2196,DMO,04:18:00,04:20:00,B1
2196,KTE,06:55:00,07:00:00,B1
2196,JKE,07:20:00,07:22:00,B1
2196,MYR,08:00:00,08:02:00,B1
2196,STA,08:35:00,08:40:00,B1
2196,REWA,09:45:00,09:45:00,B1
2515,TVC,00:05:00,00:05:00,B1
2515,QLN,01:05:00,01:10:00,B1
2515,KYJ,01:50:00,01:52:00,B1
2515,MVLK,02:00:00,02:02:00,B1
2515,CNGR,02:10:00,02:12:00,B1
2515,TRVL,02:20:00,02:22:00,B1
2515,KTYM,02:42:00,02:44:00,B1
2515,ERN,04:20:00,04:25:00,B1
2515,AWY,04:45:00,04:47:00,B1
2515,TCR,05:38:00,05:41:00,B1
2515,PGT,07:35:00,07:40:00,B1
2515,CBE,08:35:00,08:40:00,B1
2515,TUP,09:53:00,09:55:00,B1
2515,ED,11:30:00,11:35:00,B1
2515,SA,12:35:00,12:40:00,B1
2515,JTJ,14:30:00,14:32:00,B1
2515,KPD,15:50:00,15:52:00,B1
2515,AJJ,17:00:00,17:02:00,B1
2515,MAS,18:20:00,18:40:00,B1
2515,OGL,23:45:00,23:47:00,B1
2515,BZA,02:00:00,02:15:00,B1
2515,RJY,04:25:00,04:27:00,B1
2515,VSKP,08:00:00,08:20:00,B1
2515,VZM,09:18:00,09:20:00,B1
2515,CHE,10:18:00,10:20:00,B1
2515,PSA,11:30:00,11:32:00,B1
2515,BAM,12:35:00,12:40:00,B1
2515,BALU,13:40:00,13:42:00,B1
2515,KUR,15:00:00,15:20:00,B1
2515,BBS,15:50:00,15:55:00,B1
2515,CTC,16:30:00,16:35:00,B1
2515,JJKR,17:35:00,17:37:00,B1
2515,BHC,19:00:00,19:02:00,B1
2515,BLS,19:45:00,19:47:00,B1
2515,KGP,21:15:00,21:20:00,B1
2515,SRC,23:00:00,23:02:00,B1
2515,HWH,23:55:00,00:15:00,B1
2515,BHP,02:15:00,02:20:00,B1
2515,RPH,03:20:00,03:22:00,B1
2515,PKR,04:15:00,04:17:00,B1
2515,NFK,05:20:00,05:22:00,B1
2515,MLDT,06:00:00,06:15:00,B1
2515,KNE,08:15:00,08:17:00,B1
2515,NJP,10:15:00,10:20:00,B1
2515,DQG,11:30:00,11:32:00,B1
2515,NCB,12:40:00,12:42:00,B1
2515,NOQ,13:20:00,13:22:00,B1
2515,KOJ,14:30:00,14:32:00,B1
2515,NBQ,15:30:00,15:32:00,B1
2515,BPRD,16:20:00,16:22:00,B1
2515,RNY,17:30:00,17:35:00,B1
2515,KYQ,19:00:00,19:02:00,B1
2515,GHY,19:45:00,20:00:00,B1
2515,HJI,21:10:00,21:12:00,B1
2515,LMG,22:35:00,23:00:00,B1
2515,NHGJ,01:00:00,01:05:00,B1
2515,BPB,03:25:00,03:45:00,B1
2515,SCL,05:00:00,05:00:00,B1
2651,PLNI,07:45:00,07:45:00,B1
2651,UDT,08:18:00,08:20:00,B1
2651,POY,09:10:00,09:10:00,B1
2652,POY,16:45:00,16:45:00,B1
2652,UDT,17:10:00,17:12:00,B1
2652,PLNI,18:10:00,18:10:00,B1
2731,HYB,16:25:00,16:25:00,B1
2731,SC,16:55:00,17:00:00,B1
2731,MED,17:39:00,17:40:00,B1
2731,KMC,19:19:00,19:20:00,B1
2731,NZB,20:20:00,20:22:00,B1
2731,DAB,21:00:00,21:01:00,B1
2731,MUE,22:43:00,22:45:00,B1
2731,NED,00:01:00,00:10:00,B1
2731,PAU,00:40:00,01:00:00,B1
2731,BMF,01:20:00,01:21:00,B1
2731,HNL,02:05:00,02:07:00,B1
2731,WHM,03:00:00,03:01:00,B1
2731,AK,04:20:00,04:30:00,B1
2731,MKU,05:28:00,05:30:00,B1
2731,BAU,06:50:00,06:52:00,B1
2731,KNW,09:20:00,09:25:00,B1
2731,ET,12:30:00,12:35:00,B1
2731,BPL,14:25:00,14:35:00,B1
2731,UJN,17:10:00,17:20:00,B1
2731,NAD,18:20:00,18:22:00,B1
2731,RTM,19:20:00,19:45:00,B1
2731,MDS,21:04:00,21:06:00,B1
2731,NMH,22:00:00,22:02:00,B1
2731,COR,23:20:00,23:30:00,B1
2731,BHL,00:30:00,00:35:00,B1
2731,AII,03:05:00,03:20:00,B1
2731,KSG,03:48:00,03:50:00,B1
2731,FL,04:40:00,04:45:00,B1
2731,JP,06:25:00,06:25:00,B1
2732,JP,14:35:00,14:35:00,B1
2732,FL,15:28:00,15:30:00,B1
2732,KSG,16:10:00,16:12:00,B1
2732,AII,17:10:00,17:40:00,B1
2732,BHL,19:30:00,19:35:00,B1
2732,COR,20:55:00,21:05:00,B1
2732,NMH,22:00:00,22:02:00,B1
2732,MDS,22:43:00,22:45:00,B1
2732,RTM,00:25:00,00:50:00,B1
2732,NAD,01:30:00,01:32:00,B1
2732,UJN,02:30:00,02:40:00,B1
2732,BPL,06:15:00,06:25:00,B1
2732,ET,08:15:00,08:30:00,B1
2732,KNW,11:40:00,11:45:00,B1
2732,BAU,12:33:00,12:35:00,B1
2732,MKU,14:05:00,14:07:00,B1
2732,AK,15:20:00,15:25:00,B1
2732,WHM,16:35:00,16:36:00,B1
2732,HNL,17:15:00,17:16:00,B1
2732,BMF,18:08:00,18:09:00,B1
2732,PAU,18:45:00,19:10:00,B1
2732,NED,19:45:00,19:50:00,B1
2732,MUE,20:23:00,20:25:00,B1
2732,DAB,21:03:00,21:05:00,B1
2732,NZB,21:40:00,21:42:00,B1
2732,KMC,22:30:00,22:32:00,B1
2732,MED,23:40:00,23:42:00,B1
2732,SC,01:00:00,01:10:00,B1
2732,HYB,02:00:00,02:00:00,B1
2821,PUNE,10:30:00,10:30:00,B1
2821,PNVL,13:00:00,13:05:00,B1
2821,KYN,14:00:00,14:02:00,B1
2821,BSL,19:30:00,19:40:00,B1
2821,NGP,01:20:00,01:30:00,B1
2821,DURG,04:51:00,04:53:00,B1
2821,R,05:25:00,05:30:00,B1
2821,BSP,07:20:00,07:30:00,B1
2821,JSG,10:20:00,10:22:00,B1
2821,ROU,11:35:00,11:50:00,B1
2821,CKP,13:10:00,13:15:00,B1
2821,TATA,14:15:00,14:20:00,B1
2821,KGP,16:00:00,16:05:00,B1
2821,SRC,18:15:00,18:15:00,B1
2822,SRC,18:30:00,18:30:00,B1
2822,KGP,20:15:00,20:20:00,B1
2822,TATA,22:00:00,22:05:00,B1
2822,CKP,22:50:00,22:55:00,B1
2822,ROU,00:13:00,00:28:00,B1
2822,JSG,01:58:00,02:00:00,B1
2822,BSP,04:50:00,05:00:00,B1
2822,R,06:25:00,06:30:00,B1
2822,DURG,07:18:00,07:20:00,B1
2822,NGP,11:15:00,11:25:00,B1
2822,BSL,16:30:00,16:40:00,B1
2822,KYN,22:40:00,22:42:00,B1
2822,PNVL,23:35:00,23:40:00,B1
2822,PUNE,02:45:00,02:45:00,B1
2833,RJT,22:20:00,22:20:00,B1
2833,WKR,23:05:00,23:07:00,B1
2833,SUNR,00:27:00,00:29:00,B1
2833,VG,01:56:00,01:58:00,B1
2833,ADI,03:10:00,03:30:00,B1
2833,ND,04:13:00,04:15:00,B1
2833,ANND,04:42:00,04:44:00,B1
2833,BRC,05:27:00,05:32:00,B1
2833,BH,06:35:00,06:37:00,B1
2833,ST,07:45:00,07:53:00,B1
2833,NDB,10:40:00,10:50:00,B1
2833,AN,12:55:00,12:57:00,B1
2833,JL,14:10:00,14:15:00,B1
2833,BSL,14:40:00,14:50:00,B1
2833,MKU,15:33:00,15:35:00,B1
2833,AK,16:40:00,16:42:00,B1
2833,BD,18:15:00,18:20:00,B1
2833,WR,20:04:00,20:06:00,B1
2833,NGP,22:00:00,22:10:00,B1
2833,G,23:55:00,23:57:00,B1
2833,DURG,02:15:00,02:20:00,B1
2833,R,02:55:00,03:05:00,B1
2833,BSP,04:55:00,05:10:00,B1
2833,JSG,08:35:00,08:40:00,B1
2833,ROU,10:10:00,10:25:00,B1
2833,CKP,11:45:00,11:50:00,B1
2833,TATA,12:45:00,12:50:00,B1
2833,KGP,14:35:00,14:40:00,B1
2833,SRC,16:35:00,16:35:00,B1
2834,SRC,21:05:00,21:05:00,B1
2834,KGP,22:50:00,22:55:00,B1
2834,TATA,00:50:00,00:55:00,B1
2834,CKP,01:50:00,01:55:00,B1
2834,ROU,03:15:00,03:25:00,B1
2834,JSG,04:55:00,05:00:00,B1
2834,BSP,07:55:00,08:10:00,B1
2834,R,10:00:00,10:10:00,B1
2834,DURG,10:55:00,11:00:00,B1
2834,G,12:53:00,12:55:00,B1
2834,NGP,15:05:00,15:15:00,B1
2834,WR,16:28:00,16:30:00,B1
2834,BD,18:40:00,18:45:00,B1
2834,AK,20:00:00,20:02:00,B1
2834,MKU,20:50:00,20:52:00,B1
2834,BSL,21:50:00,22:00:00,B1
2834,JL,22:30:00,22:35:00,B1
2834,AN,23:28:00,23:30:00,B1
2834,NDB,01:18:00,01:23:00,B1
2834,ST,04:27:00,04:32:00,B1
2834,BH,05:15:00,05:17:00,B1
2834,BRC,06:15:00,06:20:00,B1
2834,ANND,06:52:00,06:54:00,B1
2834,ND,07:12:00,07:14:00,B1
2834,ADI,08:25:00,08:45:00,B1
2834,VG,09:55:00,09:57:00,B1
2834,SUNR,10:48:00,10:50:00,B1
2834,WKR,12:02:00,12:05:00,B1
2834,RJT,13:45:00,13:45:00,B1
2841,SRC,12:40:00,12:40:00,B1
2841,KGP,14:25:00,14:30:00,B1
2841,BHC,17:28:00,17:30:00,B1
2841,CTC,18:45:00,18:47:00,B1
2841,BBS,19:20:00,19:25:00,B1
2841,KUR,19:50:00,20:00:00,B1
2841,VSKP,02:05:00,02:35:00,B1
2841,DVD,03:03:00,03:05:00,B1
2841,RJY,05:22:00,05:24:00,B1
2841,BZA,07:50:00,08:00:00,B1
2841,NLR,11:00:00,11:02:00,B1
2841,MAS,15:20:00,15:20:00,B1
2842,MAS,18:20:00,18:20:00,B1
2842,NLR,21:40:00,21:42:00,B1
2842,BZA,01:35:00,01:45:00,B1
2842,RJY,04:01:00,04:03:00,B1
2842,DVD,07:40:00,07:42:00,B1
2842,VSKP,08:15:00,08:45:00,B1
2842,KUR,15:05:00,15:15:00,B1
2842,BBS,15:45:00,15:50:00,B1
2842,CTC,16:15:00,16:20:00,B1
2842,BHC,18:38:00,18:40:00,B1
2842,KGP,21:20:00,21:25:00,B1
2842,SRC,23:30:00,23:30:00,B1
2845,PUNE,10:45:00,10:45:00,B1
2845,DD,12:05:00,12:20:00,B1
2845,ANG,13:57:00,14:00:00,B1
2845,KPG,15:59:00,16:00:00,B1
2845,MMR,17:20:00,17:25:00,B1
2845,BSL,19:40:00,19:50:00,B1
2845,AK,21:47:00,21:50:00,B1
2845,BD,23:05:00,23:10:00,B1
2845,WR,00:32:00,00:35:00,B1
2845,NGP,01:55:00,02:05:00,B1
2845,G,04:06:00,04:08:00,B1
2845,DURG,06:15:00,06:20:00,B1
2845,R,06:55:00,07:05:00,B1
2845,BSP,09:10:00,09:25:00,B1
2845,JSG,13:05:00,13:10:00,B1
2845,ROU,14:30:00,14:45:00,B1
2845,HTE,18:20:00,18:20:00,B1
2846,HTE,21:00:00,21:00:00,B1
2846,ROU,00:05:00,00:20:00,B1
2846,JSG,01:55:00,01:57:00,B1
2846,BSP,04:45:00,05:00:00,B1
2846,R,06:25:00,06:30:00,B1
2846,DURG,07:20:00,07:25:00,B1
2846,G,09:08:00,09:10:00,B1
2846,NGP,11:15:00,11:25:00,B1
2846,WR,12:27:00,12:30:00,B1
2846,BD,14:00:00,14:03:00,B1
2846,AK,14:52:00,14:55:00,B1
2846,BSL,16:30:00,16:40:00,B1
2846,MMR,19:05:00,19:10:00,B1
2846,KPG,20:19:00,20:20:00,B1
2846,ANG,22:57:00,23:00:00,B1
2846,DD,01:05:00,01:20:00,B1
2846,PUNE,02:45:00,02:45:00,B1
3101,KOAA,23:55:00,23:55:00,B1
3101,KGP,02:20:00,02:25:00,B1
3101,BLS,03:48:00,03:50:00,B1
3101,BHC,04:48:00,04:50:00,B1
3101,JJKR,07:28:00,07:30:00,B1
3101,CTC,08:50:00,08:55:00,B1
3101,BBS,10:10:00,10:15:00,B1
3101,KUR,10:45:00,10:50:00,B1
3101,PURI,11:50:00,11:50:00,B1
3102,PURI,22:45:00,22:45:00,B1
3102,KUR,23:29:00,23:30:00,B1
3102,BBS,00:05:00,00:10:00,B1
3102,CTC,01:05:00,01:10:00,B1
3102,JJKR,02:00:00,02:02:00,B1
3102,BHC,02:43:00,02:45:00,B1
3102,BLS,03:40:00,03:45:00,B1
3102,KGP,06:30:00,06:35:00,B1
3102,KOAA,10:25:00,10:25:00,B1
3301,ASN,10:10:00,10:10:00,B1
3301,BCQ,10:16:00,10:17:00,B1
3301,STN,10:22:00,10:23:00,B1
3301,ULT,10:28:00,10:29:00,B1
3301,BRR,10:33:00,10:34:00,B1
3301,KMME,10:38:00,10:39:00,B1
3301,MMU,10:43:00,10:44:00,B1
3301,TNW,10:49:00,10:50:00,B1
3301,KAO,10:54:00,10:55:00,B1
3301,CAM,11:02:00,11:03:00,B1
3301,PKA,11:20:00,11:21:00,B1
3301,DOKM,11:26:00,11:27:00,B1
3301,DHN,11:35:00,11:35:00,B1
3302,DHN,11:45:00,11:45:00,B1
3302,DOKM,11:50:00,11:51:00,B1
3302,PKA,11:59:00,12:00:00,B1
3302,CAM,12:04:00,12:05:00,B1
3302,KAO,12:14:00,12:15:00,B1
3302,TNW,12:19:00,12:20:00,B1
3302,MMU,12:25:00,12:26:00,B1
3302,KMME,12:31:00,12:32:00,B1
3302,BRR,12:36:00,12:37:00,B1
3302,ULT,12:41:00,12:42:00,B1
3302,STN,12:48:00,12:49:00,B1
3302,BCQ,12:54:00,12:55:00,B1
3302,ASN,13:10:00,13:10:00,B1
3305,DHN,11:30:00,11:30:00,B1
3305,KDS,11:50:00,11:50:00,B1
3306,KDS,12:05:00,12:05:00,B1
3306,DHN,12:25:00,12:25:00,B1
3307,SZE,14:40:00,14:40:00,B1
3307,TNO,14:47:00,14:48:00,B1
3307,BDQ,14:53:00,14:54:00,B1
3307,PLJE,15:15:00,15:15:00,B1
3308,PLJE,13:15:00,13:15:00,B1
3308,BDQ,13:18:00,13:19:00,B1
3308,TNO,13:23:00,13:24:00,B1
3308,SZE,13:45:00,13:45:00,B1
3501,JSME,18:30:00,18:30:00,B1
3501,PNBE,22:25:00,22:35:00,B1
3501,MGS,02:22:00,02:32:00,B1
3501,CNB,07:25:00,07:35:00,B1
3501,ANVT,14:10:00,14:10:00,B1
3502,ANVT,19:50:00,19:50:00,B1
3502,CNB,02:50:00,03:00:00,B1
3502,MGS,08:45:00,08:55:00,B1
3502,PNBE,12:10:00,12:20:00,B1
3502,JSME,17:30:00,17:30:00,B1
4401,ANVT,22:20:00,22:20:00,B1
4401,GZB,22:55:00,22:57:00,B1
4401,MTC,23:40:00,23:42:00,B1
4401,MOZ,00:33:00,00:35:00,B1
4401,SRE,01:35:00,01:45:00,B1
4401,YJUD,02:15:00,02:17:00,B1
4401,UMB,03:15:00,03:25:00,B1
4401,LDH,05:32:00,05:42:00,B1
4401,JRC,06:35:00,06:38:00,B1
4401,PTKC,08:25:00,08:30:00,B1
4401,JAT,10:40:00,10:50:00,B1
4401,UHP,12:05:00,12:10:00,B1
4401,SVDK,13:00:00,13:00:00,B1
4402,SVDK,23:50:00,23:50:00,B1
4402,UHP,00:23:00,00:28:00,B1
4402,JAT,01:40:00,01:50:00,B1
4402,PTKC,03:20:00,03:25:00,B1
4402,JRC,05:37:00,05:40:00,B1
4402,LDH,07:10:00,07:20:00,B1
4402,UMB,09:10:00,09:20:00,B1
4402,YJUD,10:05:00,10:07:00,B1
4402,SRE,10:40:00,10:50:00,B1
4402,MOZ,11:45:00,11:47:00,B1
4402,MTC,12:28:00,12:30:00,B1
4402,GZB,13:19:00,13:21:00,B1
4402,ANVT,14:05:00,14:05:00,B1
4409,DLI,21:10:00,21:10:00,B1
4409,UMB,00:50:00,01:00:00,B1
4409,LDH,03:30:00,03:40:00,B1
4409,PTKC,06:30:00,06:35:00,B1
4409,JAT,09:30:00,09:45:00,B1
4409,UHP,10:45:00,10:55:00,B1
4409,SVDK,11:30:00,11:30:00,B1
4410,SVDK,13:30:00,13:30:00,B1
4410,UHP,14:05:00,14:15:00,B1
4410,JAT,15:55:00,16:05:00,B1
4410,PTKC,18:00:00,18:10:00,B1
4410,LDH,21:40:00,21:50:00,B1
4410,UMB,23:45:00,23:55:00,B1
4410,DLI,03:15:00,03:15:00,B1
4419,MAO,10:40:00,10:40:00,B1
4419,THVM,11:28:00,11:30:00,B1
4419,KUDL,13:12:00,13:14:00,B1
4419,RN,15:00:00,15:05:00,B1
4419,CHI,16:16:00,16:18:00,B1
4419,ROHA,18:35:00,18:40:00,B1
4419,PNVL,19:50:00,19:55:00,B1
4419,BSR,21:15:00,21:20:00,B1
4419,ST,00:13:00,00:15:00,B1
4419,BRC,02:03:00,02:21:00,B1
4419,RTM,06:35:00,06:40:00,B1
4419,KOTA,10:10:00,10:20:00,B1
4419,NZM,16:55:00,16:55:00,B1
4420,NZM,15:35:00,15:35:00,B1
4420,KOTA,20:10:00,20:15:00,B1
4420,RTM,23:20:00,23:25:00,B1
4420,BRC,02:57:00,03:07:00,B1
4420,ST,04:45:00,04:50:00,B1
4420,BSR,06:40:00,06:45:00,B1
4420,PNVL,08:05:00,08:10:00,B1
4420,ROHA,10:35:00,10:40:00,B1
4420,CHI,12:28:00,12:30:00,B1
4420,RN,14:00:00,14:05:00,B1
4420,KUDL,16:38:00,16:40:00,B1
4420,THVM,17:24:00,17:26:00,B1
4420,MAO,19:40:00,19:40:00,B1
4735,BKN,19:45:00,19:45:00,B1
4735,NPS,20:10:00,20:12:00,B1
4735,SDF,20:30:00,20:32:00,B1
4735,SDGH,20:51:00,20:53:00,B1
4735,RJR,21:27:00,21:29:00,B1
4735,RTGH,21:50:00,21:55:00,B1
4735,CUR,22:30:00,22:40:00,B1
4735,SDLP,23:30:00,23:35:00,B1
4735,LHU,00:13:00,00:15:00,B1
4735,MHRG,00:44:00,00:46:00,B1
4735,RE,01:43:00,01:45:00,B1
4735,DLI,03:25:00,03:40:00,B1
4735,DSA,04:05:00,04:07:00,B1
4735,SMQL,06:25:00,06:30:00,B1
4735,TPZ,08:06:00,08:08:00,B1
4735,RK,08:47:00,08:49:00,B1
4735,HW,10:25:00,10:25:00,B1
4736,HW,19:50:00,19:50:00,B1
4736,RK,20:40:00,20:42:00,B1
4736,TPZ,21:38:00,21:40:00,B1
4736,SMQL,22:48:00,22:53:00,B1
4736,DSA,00:56:00,00:58:00,B1
4736,DLI,01:25:00,01:40:00,B1
4736,RE,03:17:00,03:20:00,B1
4736,MHRG,04:07:00,04:09:00,B1
4736,LHU,04:40:00,04:42:00,B1
4736,SDLP,05:20:00,05:25:00,B1
4736,CUR,06:10:00,06:15:00,B1
4736,RTGH,06:50:00,06:55:00,B1
4736,RJR,07:10:00,07:12:00,B1
4736,SDGH,08:03:00,08:05:00,B1
4736,SDF,08:23:00,08:25:00,B1
4736,NPS,08:42:00,08:44:00,B1
4736,BKN,09:25:00,09:25:00,B1
4767,HMH,14:25:00,14:25:00,B1
4767,JRKN,14:35:00,14:36:00,B1
4767,HLW,14:42:00,14:43:00,B1
4767,DPK,14:50:00,14:52:00,B1
4767,BUGL,14:57:00,14:58:00,B1
4767,BDSW,15:03:00,15:04:00,B1
4767,SDS,15:17:00,15:20:00,B1
4767,FSW,15:28:00,15:29:00,B1
4767,BWC,15:40:00,15:46:00,B1
4767,SGNR,16:05:00,16:05:00,B1
4768,SGNR,11:10:00,11:10:00,B1
4768,BWC,11:24:00,11:25:00,B1
4768,FSW,11:33:00,11:34:00,B1
4768,SDS,11:42:00,11:44:00,B1
4768,BDSW,11:53:00,11:54:00,B1
4768,BUGL,11:59:00,12:00:00,B1
4768,DPK,12:05:00,12:07:00,B1
4768,HLW,12:13:00,12:14:00,B1
4768,JRKN,12:20:00,12:21:00,B1
4768,HMH,13:00:00,13:00:00,B1
4769,HMH,17:45:00,17:45:00,B1
4769,JRKN,17:55:00,17:56:00,B1
4769,HLW,18:02:00,18:03:00,B1
4769,DPK,18:08:00,18:10:00,B1
4769,BUGL,18:24:00,18:25:00,B1
4769,BDSW,18:30:00,18:31:00,B1
4769,SDS,18:42:00,18:44:00,B1
4769,FSW,18:53:00,18:54:00,B1
4769,BWC,19:01:00,19:03:00,B1
4769,SGNR,19:30:00,19:30:00,B1
4770,SGNR,15:30:00,15:30:00,B1
4770,BWC,15:44:00,15:45:00,B1
4770,FSW,15:53:00,15:54:00,B1
4770,SDS,16:02:00,16:04:00,B1
4770,BDSW,16:13:00,16:14:00,B1
4770,BUGL,16:19:00,16:20:00,B1
4770,DPK,16:27:00,16:28:00,B1
4770,HLW,16:34:00,16:35:00,B1
4770,JRKN,16:41:00,16:42:00,B1
4770,HMH,17:05:00,17:05:00,B1
4771,SDLP,02:35:00,02:35:00,B1
4771,NRWI,02:53:00,02:54:00,B1
4771,SDMK,03:09:00,03:11:00,B1
4771,AUS,03:20:00,03:22:00,B1
4771,TSD,03:39:00,03:42:00,B1
4771,GAMI,03:55:00,03:57:00,B1
4771,DPLN,04:12:00,04:13:00,B1
4771,NHR,04:24:00,04:26:00,B1
4771,KNNA,04:43:00,04:44:00,B1
4771,ENB,04:57:00,05:00:00,B1
4771,TLI,05:11:00,05:13:00,B1
4771,TIBI,05:23:00,05:25:00,B1
4771,SRKN,05:33:00,05:34:00,B1
4771,HMO,05:45:00,05:47:00,B1
4771,HMH,06:10:00,07:15:00,B1
4771,JRKN,07:25:00,07:26:00,B1
4771,HLW,07:32:00,07:33:00,B1
4771,DPK,07:39:00,07:41:00,B1
4771,BUGL,07:46:00,07:47:00,B1
4771,BDSW,07:52:00,07:53:00,B1
4771,SDS,08:02:00,08:04:00,B1
4771,FSW,08:12:00,08:14:00,B1
4771,BWC,08:21:00,08:22:00,B1
4771,SGNR,08:45:00,08:45:00,B1
4772,SGNR,18:45:00,18:45:00,B1
4772,BWC,19:00:00,19:02:00,B1
4772,FSW,19:13:00,19:14:00,B1
4772,SDS,19:22:00,19:24:00,B1
4772,BDSW,19:33:00,19:34:00,B1
4772,BUGL,19:39:00,19:40:00,B1
4772,DPK,19:45:00,19:46:00,B1
4772,HLW,19:52:00,19:53:00,B1
4772,JRKN,19:59:00,20:00:00,B1
4772,HMH,20:10:00,21:15:00,B1
4772,HMO,21:25:00,21:27:00,B1
4772,SRKN,21:38:00,21:39:00,B1
4772,TIBI,21:47:00,21:49:00,B1
4772,TLI,21:59:00,22:01:00,B1
4772,ENB,22:12:00,22:14:00,B1
4772,KNNA,22:27:00,22:29:00,B1
4772,NHR,22:46:00,22:48:00,B1
4772,DPLN,22:59:00,23:00:00,B1
4772,GAMI,23:15:00,23:17:00,B1
4772,TSD,23:30:00,23:33:00,B1
4772,AUS,23:50:00,23:52:00,B1
4772,SDMK,00:01:00,00:03:00,B1
4772,NRWI,00:18:00,00:20:00,B1
4772,SDLP,01:00:00,01:00:00,B1
4773,SGNR,19:35:00,19:35:00,B1
4773,PRUR,19:47:00,19:48:00,B1
4773,KESR,20:00:00,20:02:00,B1
4773,DPT,20:12:00,20:13:00,B1
4773,SRW,20:23:00,20:25:00,B1
4773,ZPR,20:34:00,20:35:00,B1
4773,GJS,20:45:00,20:50:00,B1
4773,RSNR,21:03:00,21:05:00,B1
4773,MNGR,21:17:00,21:19:00,B1
4773,MSWA,21:27:00,21:28:00,B1
4773,BUGY,21:33:00,21:34:00,B1
4773,JES,21:40:00,21:42:00,B1
4773,SRPR,21:58:00,22:01:00,B1
4773,SRZ,22:07:00,22:08:00,B1
4773,BNSR,22:20:00,22:22:00,B1
4773,SOG,22:40:00,22:40:00,B1
4774,SOG,01:20:00,01:20:00,B1
4774,SRZ,01:38:00,01:39:00,B1
4774,SRPR,01:46:00,01:47:00,B1
4774,JES,01:52:00,01:54:00,B1
4774,MNGR,02:11:00,02:12:00,B1
4774,RSNR,02:24:00,02:26:00,B1
4774,GJS,02:39:00,02:41:00,B1
4774,SRW,03:00:00,03:02:00,B1
4774,KESR,03:22:00,03:24:00,B1
4774,SGNR,03:55:00,03:55:00,B1
4801,PBC,06:30:00,06:30:00,B1
4801,BIDD,07:07:00,07:08:00,B1
4801,MKN,07:30:00,07:30:00,B1
4802,MKN,19:20:00,19:20:00,B1
4802,BIDD,19:41:00,19:42:00,B1
4802,PBC,20:20:00,20:20:00,B1
4831,JU,00:00:00,13:30:00,B1
4831,GOTN,14:40:00,14:42:00,B1
4831,MTD,15:00:00,15:05:00,B1
4831,DNA,16:17:00,16:20:00,B1
4831,KHTU,16:40:00,16:42:00,B1
4831,CTKT,16:50:00,16:52:00,B1
4831,DIA,17:20:00,17:23:00,B1
4831,LAU,17:45:00,17:48:00,B1
4831,SUJH,18:00:00,18:03:00,B1
4831,RTGH,20:15:00,20:20:00,B1
4831,CUR,20:55:00,21:05:00,B1
4831,SDLP,21:55:00,22:00:00,B1
4831,SWNI,22:37:00,22:39:00,B1
4831,HSR,23:45:00,00:20:00,B1
4831,DUI,02:10:00,02:35:00,B1
4831,PTA,03:15:00,03:17:00,B1
4831,RPJ,04:10:00,04:12:00,B1
4831,UMB,05:30:00,05:40:00,B1
4831,JUDW,06:35:00,06:37:00,B1
4831,SRE,08:20:00,08:30:00,B1
4831,JWP,10:31:00,10:33:00,B1
4831,HW,10:45:00,00:00:00,B1
4832,HW,16:45:00,16:45:00,B1
4832,JWP,16:55:00,16:57:00,B1
4832,SRE,18:25:00,18:40:00,B1
4832,JUDW,19:18:00,19:20:00,B1
4832,UMB,20:30:00,20:40:00,B1
4832,RPJ,21:10:00,21:12:00,B1
4832,PTA,21:40:00,21:42:00,B1
4832,DUI,22:30:00,22:50:00,B1
4832,HSR,02:10:00,02:30:00,B1
4832,SWNI,02:56:00,02:58:00,B1
4832,SDLP,03:40:00,03:45:00,B1
4832,CUR,04:30:00,04:40:00,B1
4832,RTGH,05:35:00,05:40:00,B1
4832,SUJH,06:12:00,06:15:00,B1
4832,LAU,06:26:00,06:29:00,B1
4832,DIA,06:52:00,06:55:00,B1
4832,CTKT,07:23:00,07:25:00,B1
4832,KHTU,07:33:00,07:35:00,B1
4832,DNA,08:08:00,08:11:00,B1
4832,MTD,09:20:00,09:25:00,B1
4832,GOTN,09:42:00,09:44:00,B1
4832,JU,11:45:00,11:45:00,B1
4851,MTD,06:50:00,06:50:00,B1
4851,KQW,06:58:00,06:59:00,B1
4851,REN,07:06:00,07:08:00,B1
4851,JAC,07:22:00,07:23:00,B1
4851,JACN,07:31:00,07:32:00,B1
4851,DNA,08:18:00,08:32:00,B1
4851,KRC,08:42:00,08:43:00,B1
4851,KHTU,08:54:00,08:55:00,B1
4851,CTKT,09:02:00,09:03:00,B1
4851,PW,09:14:00,09:15:00,B1
4851,KKNA,09:22:00,09:23:00,B1
4851,MBSK,09:33:00,09:34:00,B1
4851,DIA,09:41:00,09:42:00,B1
4851,SVO,09:53:00,09:54:00,B1
4851,BLSD,10:02:00,10:03:00,B1
4851,LAU,10:12:00,10:14:00,B1
4851,SUJH,10:26:00,10:28:00,B1
4851,TLC,10:42:00,10:43:00,B1
4851,PIH,10:54:00,10:55:00,B1
4851,LOHA,11:06:00,11:07:00,B1
4851,RTGH,11:30:00,11:30:00,B1
4852,RTGH,16:55:00,16:55:00,B1
4852,LOHA,17:04:00,17:05:00,B1
4852,PIH,17:15:00,17:16:00,B1
4852,TLC,17:28:00,17:29:00,B1
4852,SUJH,17:39:00,17:41:00,B1
4852,LAU,17:52:00,17:54:00,B1
4852,BLSD,18:05:00,18:06:00,B1
4852,SVO,18:15:00,18:16:00,B1
4852,DIA,18:27:00,18:29:00,B1
4852,MBSK,18:37:00,18:38:00,B1
4852,KKNA,18:49:00,18:50:00,B1
4852,PW,19:02:00,19:03:00,B1
4852,CTKT,19:15:00,19:17:00,B1
4852,KHTU,19:25:00,19:26:00,B1
4852,KRC,19:38:00,19:39:00,B1
4852,DNA,19:51:00,19:54:00,B1
4852,JACN,20:02:00,20:03:00,B1
4852,JAC,20:10:00,20:12:00,B1
4852,REN,20:25:00,20:27:00,B1
4852,KQW,20:40:00,20:42:00,B1
4852,MTD,22:00:00,22:00:00,B1
4853,RTGH,11:55:00,11:55:00,B1
4853,MIO,12:17:00,12:23:00,B1
4853,SMNN,12:29:00,12:30:00,B1
4853,JOH,12:35:00,12:36:00,B1
4853,DEP,12:45:00,12:46:00,B1
4853,CUR,13:10:00,13:10:00,B1
4854,CUR,15:45:00,15:45:00,B1
4854,DEP,15:54:00,15:55:00,B1
4854,JOH,16:04:00,16:05:00,B1
4854,SMNN,16:10:00,16:11:00,B1
4854,MIO,16:20:00,16:30:00,B1
4854,RTGH,16:45:00,16:45:00,B1
4921,SRE,04:45:00,04:45:00,B1
4921,PKY,04:56:00,04:57:00,B1
4921,SSW,05:03:00,05:04:00,B1
4921,KNZ,05:13:00,05:14:00,B1
4921,YJUD,05:20:00,05:22:00,B1
4921,JUDW,05:27:00,05:28:00,B1
4921,DZP,05:33:00,05:34:00,B1
4921,MFB,05:40:00,05:41:00,B1
4921,RAA,05:49:00,05:51:00,B1
4921,TDW,05:56:00,05:57:00,B1
4921,KES,06:02:00,06:03:00,B1
4921,DOKY,06:09:00,06:10:00,B1
4921,UMB,06:30:00,06:30:00,B1
4922,UMB,20:45:00,20:45:00,B1
4922,DOKY,20:56:00,20:57:00,B1
4922,KES,21:02:00,21:03:00,B1
4922,TDW,21:08:00,21:09:00,B1
4922,RAA,21:14:00,21:15:00,B1
4922,MFB,21:22:00,21:37:00,B1
4922,DZP,21:44:00,21:45:00,B1
4922,JUDW,21:50:00,21:51:00,B1
4922,YJUD,21:56:00,21:57:00,B1
4922,KNZ,22:04:00,22:05:00,B1
4922,SSW,22:13:00,22:14:00,B1
4922,PKY,22:24:00,22:25:00,B1
4922,SRE,22:40:00,22:40:00,B1
4991,PTK,14:40:00,14:40:00,B1
4991,BHRL,14:48:00,14:49:00,B1
4991,SJNP,14:56:00,14:57:00,B1
4991,MDPB,15:06:00,15:07:00,B1
4991,KTHU,15:16:00,15:17:00,B1
4991,BDHY,15:23:00,15:30:00,B1
4991,CHNR,15:40:00,15:41:00,B1
4991,CKDL,15:47:00,15:48:00,B1
4991,HRNR,15:53:00,15:54:00,B1
4991,GHGL,16:01:00,16:02:00,B1
4991,SMBX,16:10:00,16:11:00,B1
4991,VJPJ,16:28:00,16:29:00,B1
4991,BBMN,16:43:00,16:44:00,B1
4991,JAT,17:10:00,17:10:00,B1
4992,JAT,09:50:00,09:50:00,B1
4992,BBMN,10:03:00,10:04:00,B1
4992,VJPJ,10:16:00,10:17:00,B1
4992,SMBX,10:32:00,10:33:00,B1
4992,GHGL,10:45:00,10:46:00,B1
4992,HRNR,10:55:00,10:56:00,B1
4992,CKDL,11:01:00,11:02:00,B1
4992,CHNR,11:07:00,11:08:00,B1
4992,BDHY,11:16:00,11:17:00,B1
4992,KTHU,11:28:00,11:29:00,B1
4992,MDPB,11:40:00,11:41:00,B1
4992,SJNP,11:50:00,11:51:00,B1
4992,BHRL,11:59:00,12:00:00,B1
4992,PTK,12:10:00,12:10:00,B1
5061,GKP,06:45:00,06:45:00,B1
5061,ANDN,08:05:00,08:10:00,B1
5061,NUH,08:42:00,08:44:00,B1
5061,SOT,09:05:00,09:07:00,B1
5061,BNY,09:50:00,09:50:00,B1
5062,BNY,17:20:00,17:20:00,B1
5062,SOT,17:48:00,17:50:00,B1
5062,NUH,18:26:00,18:28:00,B1
5062,ANDN,19:05:00,19:10:00,B1
5062,GKP,20:05:00,20:05:00,B1
5065,CPR,19:30:00,19:30:00,B1
5065,SV,20:25:00,20:30:00,B1
5065,THE,21:15:00,21:20:00,B1
5065,TOI,22:05:00,22:07:00,B1
5065,DUE,22:28:00,22:30:00,B1
5065,POU,22:40:00,22:45:00,B1
5065,RKL,23:02:00,23:04:00,B1
5065,CPJ,23:45:00,23:50:00,B1
5065,GKP,01:00:00,01:10:00,B1
5065,BST,02:27:00,02:30:00,B1
5065,MUR,03:28:00,03:30:00,B1
5065,GD,04:10:00,04:15:00,B1
5065,BBK,06:30:00,06:32:00,B1
5065,BNZ,07:07:00,07:10:00,B1
5065,LJN,08:15:00,08:15:00,B1
5066,LJN,20:25:00,20:25:00,B1
5066,BNZ,20:55:00,21:00:00,B1
5066,BBK,21:43:00,21:45:00,B1
5066,GD,23:10:00,23:15:00,B1
5066,MUR,23:40:00,23:42:00,B1
5066,BST,00:40:00,00:43:00,B1
5066,GKP,02:15:00,02:25:00,B1
5066,CPJ,04:15:00,04:20:00,B1
5066,RKL,04:40:00,04:42:00,B1
5066,POU,04:55:00,05:00:00,B1
5066,DUE,05:28:00,05:30:00,B1
5066,TOI,05:35:00,05:37:00,B1
5066,THE,06:30:00,06:35:00,B1
5066,SV,07:30:00,07:35:00,B1
5066,CPR,08:25:00,08:25:00,B1
5105,GKP,11:45:00,11:45:00,B1
5105,SWA,12:13:00,12:15:00,B1
5105,KLD,12:43:00,12:45:00,B1
5105,BST,13:35:00,13:35:00,B1
5106,BST,14:10:00,14:10:00,B1
5106,KLD,14:40:00,14:42:00,B1
5106,SWA,14:58:00,15:00:00,B1
5106,GKP,15:40:00,15:40:00,B1
5305,CPA,14:55:00,14:55:00,B1
5305,RPO,15:01:00,15:03:00,B1
5305,KAP,15:14:00,15:16:00,B1
5305,BJR,15:35:00,15:37:00,B1
5305,BLU,15:55:00,15:57:00,B1
5305,ARL,16:05:00,16:07:00,B1
5305,KJN,16:20:00,16:22:00,B1
5305,GHJ,16:41:00,16:43:00,B1
5305,KLJ,16:59:00,17:01:00,B1
5305,FGR,17:13:00,17:15:00,B1
5305,FBD,18:25:00,18:25:00,B1
5306,FBD,11:35:00,11:35:00,B1
5306,FGR,11:48:00,11:50:00,B1
5306,KLJ,12:02:00,12:04:00,B1
5306,GHJ,12:19:00,12:21:00,B1
5306,KJN,12:40:00,12:42:00,B1
5306,ARL,12:54:00,12:56:00,B1
5306,BLU,13:11:00,13:13:00,B1
5306,BJR,13:37:00,13:39:00,B1
5306,KAP,13:59:00,14:01:00,B1
5306,RPO,14:10:00,14:12:00,B1
5306,CPA,14:30:00,14:30:00,B1
5309,BC,20:55:00,20:55:00,B1
5309,IZN,21:08:00,21:10:00,B1
5309,BPR,21:23:00,21:25:00,B1
5309,BHI,21:46:00,21:48:00,B1
5309,KHH,22:01:00,22:03:00,B1
5309,LKU,22:45:00,22:45:00,B1
5310,LKU,17:30:00,17:30:00,B1
5310,KHH,17:49:00,17:51:00,B1
5310,BHI,18:06:00,18:08:00,B1
5310,BPR,18:36:00,18:38:00,B1
5310,IZN,18:58:00,19:00:00,B1
5310,BC,19:25:00,19:25:00,B1
5521,JMP,20:40:00,20:40:00,B1
5521,MGR,20:52:00,20:54:00,B1
5521,SBDP,21:14:00,21:16:00,B1
5521,UMNR,21:25:00,21:27:00,B1
5521,KGG,22:00:00,22:05:00,B1
5521,MNE,22:15:00,22:20:00,B1
5521,BHB,22:31:00,22:33:00,B1
5521,DHT,22:45:00,22:47:00,B1
5521,KFA,23:00:00,23:02:00,B1
5521,SBV,23:30:00,23:32:00,B1
5521,SBM,23:45:00,23:47:00,B1
5521,SHC,00:25:00,00:25:00,B1
5522,SHC,05:10:00,05:10:00,B1
5522,SBM,05:21:00,05:23:00,B1
5522,SBV,05:35:00,05:37:00,B1
5522,KFA,05:45:00,05:47:00,B1
5522,DHT,05:55:00,05:57:00,B1
5522,BHB,06:08:00,06:10:00,B1
5522,MNE,06:25:00,06:30:00,B1
5522,KGG,06:40:00,06:45:00,B1
5522,UMNR,06:55:00,06:57:00,B1
5522,SBDP,07:23:00,07:25:00,B1
5522,MGR,07:45:00,07:47:00,B1
5522,JMP,08:00:00,08:00:00,B1
5613,JLWC,06:00:00,06:00:00,B1
5613,JLF,06:24:00,06:25:00,B1
5613,RMA,06:35:00,06:37:00,B1
5613,MKX,06:47:00,06:49:00,B1
5613,KIW,06:56:00,06:57:00,B1
5613,DARA,07:07:00,07:09:00,B1
5613,RDT,07:20:00,07:21:00,B1
5613,ALNI,07:31:00,07:32:00,B1
5613,DDV,07:39:00,07:40:00,B1
5613,DKNT,07:48:00,07:50:00,B1
5613,KOTA,08:05:00,08:05:00,B1
